{
  "hash": "88adbc33",
  "configHash": "0e333057",
  "lockfileHash": "bdf71a43",
  "browserHash": "7112c94b",
  "optimized": {
    "@angular/common": {
      "src": "../../../../../../node_modules/@angular/common/fesm2022/common.mjs",
      "file": "@angular_common.js",
      "fileHash": "813cf2a0",
      "needsInterop": false
    },
    "@angular/common/http": {
      "src": "../../../../../../node_modules/@angular/common/fesm2022/http.mjs",
      "file": "@angular_common_http.js",
      "fileHash": "1f4bcdf0",
      "needsInterop": false
    },
    "@angular/core": {
      "src": "../../../../../../node_modules/@angular/core/fesm2022/core.mjs",
      "file": "@angular_core.js",
      "fileHash": "49b721a7",
      "needsInterop": false
    },
    "@angular/forms": {
      "src": "../../../../../../node_modules/@angular/forms/fesm2022/forms.mjs",
      "file": "@angular_forms.js",
      "fileHash": "d4506cf9",
      "needsInterop": false
    },
    "@angular/platform-browser": {
      "src": "../../../../../../node_modules/@angular/platform-browser/fesm2022/platform-browser.mjs",
      "file": "@angular_platform-browser.js",
      "fileHash": "63c55324",
      "needsInterop": false
    },
    "@angular/router": {
      "src": "../../../../../../node_modules/@angular/router/fesm2022/router.mjs",
      "file": "@angular_router.js",
      "fileHash": "81cff453",
      "needsInterop": false
    }
  },
  "chunks": {
    "chunk-TVQZRLIR": {
      "file": "chunk-TVQZRLIR.js"
    },
    "chunk-NZDNKXNC": {
      "file": "chunk-NZDNKXNC.js"
    },
    "chunk-LC63JU7F": {
      "file": "chunk-LC63JU7F.js"
    },
    "chunk-SXHOZHTL": {
      "file": "chunk-SXHOZHTL.js"
    }
  }
}